"association","fromObjectIdentity","toObjectIdentity"
"com.ldm.custom.swaggerapiv2.TagEndpoint","Catalog_Administrator_Public_REST_API/Catalog","Catalog_Administrator_Public_REST_API/Catalog/_GET___catalog_models_dataTypes"
"com.ldm.custom.swaggerapiv2.TagEndpoint","Catalog_Administrator_Public_REST_API/Model_Info","Catalog_Administrator_Public_REST_API/Model_Info/_GET___catalog_models_dataTypes"
"com.ldm.custom.swaggerapiv2.EndpointParameter","Catalog_Administrator_Public_REST_API/Model_Info/_GET___catalog_models_dataTypes","Catalog_Administrator_Public_REST_API/Model_Info/_GET___catalog_models_dataTypes/id"
"com.ldm.custom.swaggerapiv2.EndpointParameter","Catalog_Administrator_Public_REST_API/Model_Info/_GET___catalog_models_dataTypes","Catalog_Administrator_Public_REST_API/Model_Info/_GET___catalog_models_dataTypes/offset"
"com.ldm.custom.swaggerapiv2.EndpointParameter","Catalog_Administrator_Public_REST_API/Model_Info/_GET___catalog_models_dataTypes","Catalog_Administrator_Public_REST_API/Model_Info/_GET___catalog_models_dataTypes/pageSize"
"com.ldm.custom.swaggerapiv2.EndpointResponse","Catalog_Administrator_Public_REST_API/Model_Info/_GET___catalog_models_dataTypes","Catalog_Administrator_Public_REST_API/Model_Info/_GET___catalog_models_dataTypes/200"
"com.ldm.custom.swaggerapiv2.EndpointResponse","Catalog_Administrator_Public_REST_API/Model_Info/_GET___catalog_models_dataTypes","Catalog_Administrator_Public_REST_API/Model_Info/_GET___catalog_models_dataTypes/400"
"com.ldm.custom.swaggerapiv2.EndpointResponse","Catalog_Administrator_Public_REST_API/Model_Info/_GET___catalog_models_dataTypes","Catalog_Administrator_Public_REST_API/Model_Info/_GET___catalog_models_dataTypes/401"
"com.ldm.custom.swaggerapiv2.EndpointResponse","Catalog_Administrator_Public_REST_API/Model_Info/_GET___catalog_models_dataTypes","Catalog_Administrator_Public_REST_API/Model_Info/_GET___catalog_models_dataTypes/403"
"com.ldm.custom.swaggerapiv2.EndpointResponse","Catalog_Administrator_Public_REST_API/Model_Info/_GET___catalog_models_dataTypes","Catalog_Administrator_Public_REST_API/Model_Info/_GET___catalog_models_dataTypes/429"
"com.ldm.custom.swaggerapiv2.EndpointResponse","Catalog_Administrator_Public_REST_API/Model_Info/_GET___catalog_models_dataTypes","Catalog_Administrator_Public_REST_API/Model_Info/_GET___catalog_models_dataTypes/default"
"com.ldm.custom.swaggerapiv2.TagEndpoint","Catalog_Administrator_Public_REST_API/Catalog","Catalog_Administrator_Public_REST_API/Catalog/_GET___catalog_models_dataTypes__id_"
"com.ldm.custom.swaggerapiv2.TagEndpoint","Catalog_Administrator_Public_REST_API/Model_Info","Catalog_Administrator_Public_REST_API/Model_Info/_GET___catalog_models_dataTypes__id_"
"com.ldm.custom.swaggerapiv2.EndpointParameter","Catalog_Administrator_Public_REST_API/Model_Info/_GET___catalog_models_dataTypes__id_","Catalog_Administrator_Public_REST_API/Model_Info/_GET___catalog_models_dataTypes__id_/id"
"com.ldm.custom.swaggerapiv2.EndpointResponse","Catalog_Administrator_Public_REST_API/Model_Info/_GET___catalog_models_dataTypes__id_","Catalog_Administrator_Public_REST_API/Model_Info/_GET___catalog_models_dataTypes__id_/200"
"com.ldm.custom.swaggerapiv2.EndpointResponse","Catalog_Administrator_Public_REST_API/Model_Info/_GET___catalog_models_dataTypes__id_","Catalog_Administrator_Public_REST_API/Model_Info/_GET___catalog_models_dataTypes__id_/401"
"com.ldm.custom.swaggerapiv2.EndpointResponse","Catalog_Administrator_Public_REST_API/Model_Info/_GET___catalog_models_dataTypes__id_","Catalog_Administrator_Public_REST_API/Model_Info/_GET___catalog_models_dataTypes__id_/403"
"com.ldm.custom.swaggerapiv2.EndpointResponse","Catalog_Administrator_Public_REST_API/Model_Info/_GET___catalog_models_dataTypes__id_","Catalog_Administrator_Public_REST_API/Model_Info/_GET___catalog_models_dataTypes__id_/404"
"com.ldm.custom.swaggerapiv2.EndpointResponse","Catalog_Administrator_Public_REST_API/Model_Info/_GET___catalog_models_dataTypes__id_","Catalog_Administrator_Public_REST_API/Model_Info/_GET___catalog_models_dataTypes__id_/429"
"com.ldm.custom.swaggerapiv2.EndpointResponse","Catalog_Administrator_Public_REST_API/Model_Info/_GET___catalog_models_dataTypes__id_","Catalog_Administrator_Public_REST_API/Model_Info/_GET___catalog_models_dataTypes__id_/default"
"com.ldm.custom.swaggerapiv2.TagEndpoint","Catalog_Administrator_Public_REST_API/Catalog","Catalog_Administrator_Public_REST_API/Catalog/_GET___catalog_models_associations"
"com.ldm.custom.swaggerapiv2.TagEndpoint","Catalog_Administrator_Public_REST_API/Model_Info","Catalog_Administrator_Public_REST_API/Model_Info/_GET___catalog_models_associations"
"com.ldm.custom.swaggerapiv2.EndpointParameter","Catalog_Administrator_Public_REST_API/Model_Info/_GET___catalog_models_associations","Catalog_Administrator_Public_REST_API/Model_Info/_GET___catalog_models_associations/id"
"com.ldm.custom.swaggerapiv2.EndpointParameter","Catalog_Administrator_Public_REST_API/Model_Info/_GET___catalog_models_associations","Catalog_Administrator_Public_REST_API/Model_Info/_GET___catalog_models_associations/offset"
"com.ldm.custom.swaggerapiv2.EndpointParameter","Catalog_Administrator_Public_REST_API/Model_Info/_GET___catalog_models_associations","Catalog_Administrator_Public_REST_API/Model_Info/_GET___catalog_models_associations/pageSize"
"com.ldm.custom.swaggerapiv2.EndpointParameter","Catalog_Administrator_Public_REST_API/Model_Info/_GET___catalog_models_associations","Catalog_Administrator_Public_REST_API/Model_Info/_GET___catalog_models_associations/isA"
"com.ldm.custom.swaggerapiv2.EndpointResponse","Catalog_Administrator_Public_REST_API/Model_Info/_GET___catalog_models_associations","Catalog_Administrator_Public_REST_API/Model_Info/_GET___catalog_models_associations/200"
"com.ldm.custom.swaggerapiv2.EndpointResponse","Catalog_Administrator_Public_REST_API/Model_Info/_GET___catalog_models_associations","Catalog_Administrator_Public_REST_API/Model_Info/_GET___catalog_models_associations/400"
"com.ldm.custom.swaggerapiv2.EndpointResponse","Catalog_Administrator_Public_REST_API/Model_Info/_GET___catalog_models_associations","Catalog_Administrator_Public_REST_API/Model_Info/_GET___catalog_models_associations/401"
"com.ldm.custom.swaggerapiv2.EndpointResponse","Catalog_Administrator_Public_REST_API/Model_Info/_GET___catalog_models_associations","Catalog_Administrator_Public_REST_API/Model_Info/_GET___catalog_models_associations/403"
"com.ldm.custom.swaggerapiv2.EndpointResponse","Catalog_Administrator_Public_REST_API/Model_Info/_GET___catalog_models_associations","Catalog_Administrator_Public_REST_API/Model_Info/_GET___catalog_models_associations/429"
"com.ldm.custom.swaggerapiv2.EndpointResponse","Catalog_Administrator_Public_REST_API/Model_Info/_GET___catalog_models_associations","Catalog_Administrator_Public_REST_API/Model_Info/_GET___catalog_models_associations/default"
"com.ldm.custom.swaggerapiv2.TagEndpoint","Catalog_Administrator_Public_REST_API/Catalog","Catalog_Administrator_Public_REST_API/Catalog/_GET___catalog_models_associations__id_"
"com.ldm.custom.swaggerapiv2.TagEndpoint","Catalog_Administrator_Public_REST_API/Model_Info","Catalog_Administrator_Public_REST_API/Model_Info/_GET___catalog_models_associations__id_"
"com.ldm.custom.swaggerapiv2.EndpointParameter","Catalog_Administrator_Public_REST_API/Model_Info/_GET___catalog_models_associations__id_","Catalog_Administrator_Public_REST_API/Model_Info/_GET___catalog_models_associations__id_/id"
"com.ldm.custom.swaggerapiv2.EndpointResponse","Catalog_Administrator_Public_REST_API/Model_Info/_GET___catalog_models_associations__id_","Catalog_Administrator_Public_REST_API/Model_Info/_GET___catalog_models_associations__id_/200"
"com.ldm.custom.swaggerapiv2.EndpointResponse","Catalog_Administrator_Public_REST_API/Model_Info/_GET___catalog_models_associations__id_","Catalog_Administrator_Public_REST_API/Model_Info/_GET___catalog_models_associations__id_/401"
"com.ldm.custom.swaggerapiv2.EndpointResponse","Catalog_Administrator_Public_REST_API/Model_Info/_GET___catalog_models_associations__id_","Catalog_Administrator_Public_REST_API/Model_Info/_GET___catalog_models_associations__id_/403"
"com.ldm.custom.swaggerapiv2.EndpointResponse","Catalog_Administrator_Public_REST_API/Model_Info/_GET___catalog_models_associations__id_","Catalog_Administrator_Public_REST_API/Model_Info/_GET___catalog_models_associations__id_/404"
"com.ldm.custom.swaggerapiv2.EndpointResponse","Catalog_Administrator_Public_REST_API/Model_Info/_GET___catalog_models_associations__id_","Catalog_Administrator_Public_REST_API/Model_Info/_GET___catalog_models_associations__id_/429"
"com.ldm.custom.swaggerapiv2.EndpointResponse","Catalog_Administrator_Public_REST_API/Model_Info/_GET___catalog_models_associations__id_","Catalog_Administrator_Public_REST_API/Model_Info/_GET___catalog_models_associations__id_/default"
"com.ldm.custom.swaggerapiv2.TagEndpoint","Catalog_Administrator_Public_REST_API/Catalog","Catalog_Administrator_Public_REST_API/Catalog/_GET___catalog_models_associationKinds"
"com.ldm.custom.swaggerapiv2.TagEndpoint","Catalog_Administrator_Public_REST_API/Model_Info","Catalog_Administrator_Public_REST_API/Model_Info/_GET___catalog_models_associationKinds"
"com.ldm.custom.swaggerapiv2.EndpointParameter","Catalog_Administrator_Public_REST_API/Model_Info/_GET___catalog_models_associationKinds","Catalog_Administrator_Public_REST_API/Model_Info/_GET___catalog_models_associationKinds/id"
"com.ldm.custom.swaggerapiv2.EndpointParameter","Catalog_Administrator_Public_REST_API/Model_Info/_GET___catalog_models_associationKinds","Catalog_Administrator_Public_REST_API/Model_Info/_GET___catalog_models_associationKinds/offset"
"com.ldm.custom.swaggerapiv2.EndpointParameter","Catalog_Administrator_Public_REST_API/Model_Info/_GET___catalog_models_associationKinds","Catalog_Administrator_Public_REST_API/Model_Info/_GET___catalog_models_associationKinds/pageSize"
"com.ldm.custom.swaggerapiv2.EndpointResponse","Catalog_Administrator_Public_REST_API/Model_Info/_GET___catalog_models_associationKinds","Catalog_Administrator_Public_REST_API/Model_Info/_GET___catalog_models_associationKinds/200"
"com.ldm.custom.swaggerapiv2.EndpointResponse","Catalog_Administrator_Public_REST_API/Model_Info/_GET___catalog_models_associationKinds","Catalog_Administrator_Public_REST_API/Model_Info/_GET___catalog_models_associationKinds/400"
"com.ldm.custom.swaggerapiv2.EndpointResponse","Catalog_Administrator_Public_REST_API/Model_Info/_GET___catalog_models_associationKinds","Catalog_Administrator_Public_REST_API/Model_Info/_GET___catalog_models_associationKinds/401"
"com.ldm.custom.swaggerapiv2.EndpointResponse","Catalog_Administrator_Public_REST_API/Model_Info/_GET___catalog_models_associationKinds","Catalog_Administrator_Public_REST_API/Model_Info/_GET___catalog_models_associationKinds/403"
"com.ldm.custom.swaggerapiv2.EndpointResponse","Catalog_Administrator_Public_REST_API/Model_Info/_GET___catalog_models_associationKinds","Catalog_Administrator_Public_REST_API/Model_Info/_GET___catalog_models_associationKinds/429"
"com.ldm.custom.swaggerapiv2.EndpointResponse","Catalog_Administrator_Public_REST_API/Model_Info/_GET___catalog_models_associationKinds","Catalog_Administrator_Public_REST_API/Model_Info/_GET___catalog_models_associationKinds/default"
"com.ldm.custom.swaggerapiv2.TagEndpoint","Catalog_Administrator_Public_REST_API/Catalog","Catalog_Administrator_Public_REST_API/Catalog/_GET___catalog_models_associationKinds__id_"
"com.ldm.custom.swaggerapiv2.TagEndpoint","Catalog_Administrator_Public_REST_API/Model_Info","Catalog_Administrator_Public_REST_API/Model_Info/_GET___catalog_models_associationKinds__id_"
"com.ldm.custom.swaggerapiv2.EndpointParameter","Catalog_Administrator_Public_REST_API/Model_Info/_GET___catalog_models_associationKinds__id_","Catalog_Administrator_Public_REST_API/Model_Info/_GET___catalog_models_associationKinds__id_/id"
"com.ldm.custom.swaggerapiv2.EndpointResponse","Catalog_Administrator_Public_REST_API/Model_Info/_GET___catalog_models_associationKinds__id_","Catalog_Administrator_Public_REST_API/Model_Info/_GET___catalog_models_associationKinds__id_/200"
"com.ldm.custom.swaggerapiv2.EndpointResponse","Catalog_Administrator_Public_REST_API/Model_Info/_GET___catalog_models_associationKinds__id_","Catalog_Administrator_Public_REST_API/Model_Info/_GET___catalog_models_associationKinds__id_/401"
"com.ldm.custom.swaggerapiv2.EndpointResponse","Catalog_Administrator_Public_REST_API/Model_Info/_GET___catalog_models_associationKinds__id_","Catalog_Administrator_Public_REST_API/Model_Info/_GET___catalog_models_associationKinds__id_/403"
"com.ldm.custom.swaggerapiv2.EndpointResponse","Catalog_Administrator_Public_REST_API/Model_Info/_GET___catalog_models_associationKinds__id_","Catalog_Administrator_Public_REST_API/Model_Info/_GET___catalog_models_associationKinds__id_/404"
"com.ldm.custom.swaggerapiv2.EndpointResponse","Catalog_Administrator_Public_REST_API/Model_Info/_GET___catalog_models_associationKinds__id_","Catalog_Administrator_Public_REST_API/Model_Info/_GET___catalog_models_associationKinds__id_/429"
"com.ldm.custom.swaggerapiv2.EndpointResponse","Catalog_Administrator_Public_REST_API/Model_Info/_GET___catalog_models_associationKinds__id_","Catalog_Administrator_Public_REST_API/Model_Info/_GET___catalog_models_associationKinds__id_/default"
"com.ldm.custom.swaggerapiv2.TagEndpoint","Catalog_Administrator_Public_REST_API/Catalog","Catalog_Administrator_Public_REST_API/Catalog/_GET___catalog_models_classes"
"com.ldm.custom.swaggerapiv2.TagEndpoint","Catalog_Administrator_Public_REST_API/Model_Info","Catalog_Administrator_Public_REST_API/Model_Info/_GET___catalog_models_classes"
"com.ldm.custom.swaggerapiv2.EndpointParameter","Catalog_Administrator_Public_REST_API/Model_Info/_GET___catalog_models_classes","Catalog_Administrator_Public_REST_API/Model_Info/_GET___catalog_models_classes/id"
"com.ldm.custom.swaggerapiv2.EndpointParameter","Catalog_Administrator_Public_REST_API/Model_Info/_GET___catalog_models_classes","Catalog_Administrator_Public_REST_API/Model_Info/_GET___catalog_models_classes/offset"
"com.ldm.custom.swaggerapiv2.EndpointParameter","Catalog_Administrator_Public_REST_API/Model_Info/_GET___catalog_models_classes","Catalog_Administrator_Public_REST_API/Model_Info/_GET___catalog_models_classes/pageSize"
"com.ldm.custom.swaggerapiv2.EndpointParameter","Catalog_Administrator_Public_REST_API/Model_Info/_GET___catalog_models_classes","Catalog_Administrator_Public_REST_API/Model_Info/_GET___catalog_models_classes/isA"
"com.ldm.custom.swaggerapiv2.EndpointResponse","Catalog_Administrator_Public_REST_API/Model_Info/_GET___catalog_models_classes","Catalog_Administrator_Public_REST_API/Model_Info/_GET___catalog_models_classes/200"
"com.ldm.custom.swaggerapiv2.EndpointResponse","Catalog_Administrator_Public_REST_API/Model_Info/_GET___catalog_models_classes","Catalog_Administrator_Public_REST_API/Model_Info/_GET___catalog_models_classes/400"
"com.ldm.custom.swaggerapiv2.EndpointResponse","Catalog_Administrator_Public_REST_API/Model_Info/_GET___catalog_models_classes","Catalog_Administrator_Public_REST_API/Model_Info/_GET___catalog_models_classes/401"
"com.ldm.custom.swaggerapiv2.EndpointResponse","Catalog_Administrator_Public_REST_API/Model_Info/_GET___catalog_models_classes","Catalog_Administrator_Public_REST_API/Model_Info/_GET___catalog_models_classes/403"
"com.ldm.custom.swaggerapiv2.EndpointResponse","Catalog_Administrator_Public_REST_API/Model_Info/_GET___catalog_models_classes","Catalog_Administrator_Public_REST_API/Model_Info/_GET___catalog_models_classes/429"
"com.ldm.custom.swaggerapiv2.EndpointResponse","Catalog_Administrator_Public_REST_API/Model_Info/_GET___catalog_models_classes","Catalog_Administrator_Public_REST_API/Model_Info/_GET___catalog_models_classes/default"
"com.ldm.custom.swaggerapiv2.TagEndpoint","Catalog_Administrator_Public_REST_API/Catalog","Catalog_Administrator_Public_REST_API/Catalog/_GET___catalog_models_classes__id_"
"com.ldm.custom.swaggerapiv2.TagEndpoint","Catalog_Administrator_Public_REST_API/Model_Info","Catalog_Administrator_Public_REST_API/Model_Info/_GET___catalog_models_classes__id_"
"com.ldm.custom.swaggerapiv2.EndpointParameter","Catalog_Administrator_Public_REST_API/Model_Info/_GET___catalog_models_classes__id_","Catalog_Administrator_Public_REST_API/Model_Info/_GET___catalog_models_classes__id_/id"
"com.ldm.custom.swaggerapiv2.EndpointResponse","Catalog_Administrator_Public_REST_API/Model_Info/_GET___catalog_models_classes__id_","Catalog_Administrator_Public_REST_API/Model_Info/_GET___catalog_models_classes__id_/200"
"com.ldm.custom.swaggerapiv2.EndpointResponse","Catalog_Administrator_Public_REST_API/Model_Info/_GET___catalog_models_classes__id_","Catalog_Administrator_Public_REST_API/Model_Info/_GET___catalog_models_classes__id_/401"
"com.ldm.custom.swaggerapiv2.EndpointResponse","Catalog_Administrator_Public_REST_API/Model_Info/_GET___catalog_models_classes__id_","Catalog_Administrator_Public_REST_API/Model_Info/_GET___catalog_models_classes__id_/403"
"com.ldm.custom.swaggerapiv2.EndpointResponse","Catalog_Administrator_Public_REST_API/Model_Info/_GET___catalog_models_classes__id_","Catalog_Administrator_Public_REST_API/Model_Info/_GET___catalog_models_classes__id_/404"
"com.ldm.custom.swaggerapiv2.EndpointResponse","Catalog_Administrator_Public_REST_API/Model_Info/_GET___catalog_models_classes__id_","Catalog_Administrator_Public_REST_API/Model_Info/_GET___catalog_models_classes__id_/429"
"com.ldm.custom.swaggerapiv2.EndpointResponse","Catalog_Administrator_Public_REST_API/Model_Info/_GET___catalog_models_classes__id_","Catalog_Administrator_Public_REST_API/Model_Info/_GET___catalog_models_classes__id_/default"
"com.ldm.custom.swaggerapiv2.TagEndpoint","Catalog_Administrator_Public_REST_API/Catalog","Catalog_Administrator_Public_REST_API/Catalog/_GET___catalog_models_referenceDataTypes"
"com.ldm.custom.swaggerapiv2.TagEndpoint","Catalog_Administrator_Public_REST_API/Model_Info","Catalog_Administrator_Public_REST_API/Model_Info/_GET___catalog_models_referenceDataTypes"
"com.ldm.custom.swaggerapiv2.EndpointParameter","Catalog_Administrator_Public_REST_API/Model_Info/_GET___catalog_models_referenceDataTypes","Catalog_Administrator_Public_REST_API/Model_Info/_GET___catalog_models_referenceDataTypes/id"
"com.ldm.custom.swaggerapiv2.EndpointParameter","Catalog_Administrator_Public_REST_API/Model_Info/_GET___catalog_models_referenceDataTypes","Catalog_Administrator_Public_REST_API/Model_Info/_GET___catalog_models_referenceDataTypes/offset"
"com.ldm.custom.swaggerapiv2.EndpointParameter","Catalog_Administrator_Public_REST_API/Model_Info/_GET___catalog_models_referenceDataTypes","Catalog_Administrator_Public_REST_API/Model_Info/_GET___catalog_models_referenceDataTypes/pageSize"
"com.ldm.custom.swaggerapiv2.EndpointResponse","Catalog_Administrator_Public_REST_API/Model_Info/_GET___catalog_models_referenceDataTypes","Catalog_Administrator_Public_REST_API/Model_Info/_GET___catalog_models_referenceDataTypes/200"
"com.ldm.custom.swaggerapiv2.EndpointResponse","Catalog_Administrator_Public_REST_API/Model_Info/_GET___catalog_models_referenceDataTypes","Catalog_Administrator_Public_REST_API/Model_Info/_GET___catalog_models_referenceDataTypes/400"
"com.ldm.custom.swaggerapiv2.EndpointResponse","Catalog_Administrator_Public_REST_API/Model_Info/_GET___catalog_models_referenceDataTypes","Catalog_Administrator_Public_REST_API/Model_Info/_GET___catalog_models_referenceDataTypes/401"
"com.ldm.custom.swaggerapiv2.EndpointResponse","Catalog_Administrator_Public_REST_API/Model_Info/_GET___catalog_models_referenceDataTypes","Catalog_Administrator_Public_REST_API/Model_Info/_GET___catalog_models_referenceDataTypes/403"
"com.ldm.custom.swaggerapiv2.EndpointResponse","Catalog_Administrator_Public_REST_API/Model_Info/_GET___catalog_models_referenceDataTypes","Catalog_Administrator_Public_REST_API/Model_Info/_GET___catalog_models_referenceDataTypes/429"
"com.ldm.custom.swaggerapiv2.EndpointResponse","Catalog_Administrator_Public_REST_API/Model_Info/_GET___catalog_models_referenceDataTypes","Catalog_Administrator_Public_REST_API/Model_Info/_GET___catalog_models_referenceDataTypes/default"
"com.ldm.custom.swaggerapiv2.TagEndpoint","Catalog_Administrator_Public_REST_API/Catalog","Catalog_Administrator_Public_REST_API/Catalog/_GET___catalog_models_referenceDataTypes__id_"
"com.ldm.custom.swaggerapiv2.TagEndpoint","Catalog_Administrator_Public_REST_API/Model_Info","Catalog_Administrator_Public_REST_API/Model_Info/_GET___catalog_models_referenceDataTypes__id_"
"com.ldm.custom.swaggerapiv2.EndpointParameter","Catalog_Administrator_Public_REST_API/Model_Info/_GET___catalog_models_referenceDataTypes__id_","Catalog_Administrator_Public_REST_API/Model_Info/_GET___catalog_models_referenceDataTypes__id_/id"
"com.ldm.custom.swaggerapiv2.EndpointResponse","Catalog_Administrator_Public_REST_API/Model_Info/_GET___catalog_models_referenceDataTypes__id_","Catalog_Administrator_Public_REST_API/Model_Info/_GET___catalog_models_referenceDataTypes__id_/200"
"com.ldm.custom.swaggerapiv2.EndpointResponse","Catalog_Administrator_Public_REST_API/Model_Info/_GET___catalog_models_referenceDataTypes__id_","Catalog_Administrator_Public_REST_API/Model_Info/_GET___catalog_models_referenceDataTypes__id_/401"
"com.ldm.custom.swaggerapiv2.EndpointResponse","Catalog_Administrator_Public_REST_API/Model_Info/_GET___catalog_models_referenceDataTypes__id_","Catalog_Administrator_Public_REST_API/Model_Info/_GET___catalog_models_referenceDataTypes__id_/403"
"com.ldm.custom.swaggerapiv2.EndpointResponse","Catalog_Administrator_Public_REST_API/Model_Info/_GET___catalog_models_referenceDataTypes__id_","Catalog_Administrator_Public_REST_API/Model_Info/_GET___catalog_models_referenceDataTypes__id_/404"
"com.ldm.custom.swaggerapiv2.EndpointResponse","Catalog_Administrator_Public_REST_API/Model_Info/_GET___catalog_models_referenceDataTypes__id_","Catalog_Administrator_Public_REST_API/Model_Info/_GET___catalog_models_referenceDataTypes__id_/429"
"com.ldm.custom.swaggerapiv2.EndpointResponse","Catalog_Administrator_Public_REST_API/Model_Info/_GET___catalog_models_referenceDataTypes__id_","Catalog_Administrator_Public_REST_API/Model_Info/_GET___catalog_models_referenceDataTypes__id_/default"
"com.ldm.custom.swaggerapiv2.TagEndpoint","Catalog_Administrator_Public_REST_API/Catalog","Catalog_Administrator_Public_REST_API/Catalog/_GET___catalog_models_referenceAttributes"
"com.ldm.custom.swaggerapiv2.TagEndpoint","Catalog_Administrator_Public_REST_API/Model_Info","Catalog_Administrator_Public_REST_API/Model_Info/_GET___catalog_models_referenceAttributes"
"com.ldm.custom.swaggerapiv2.EndpointParameter","Catalog_Administrator_Public_REST_API/Model_Info/_GET___catalog_models_referenceAttributes","Catalog_Administrator_Public_REST_API/Model_Info/_GET___catalog_models_referenceAttributes/id"
"com.ldm.custom.swaggerapiv2.EndpointParameter","Catalog_Administrator_Public_REST_API/Model_Info/_GET___catalog_models_referenceAttributes","Catalog_Administrator_Public_REST_API/Model_Info/_GET___catalog_models_referenceAttributes/classId"
"com.ldm.custom.swaggerapiv2.EndpointParameter","Catalog_Administrator_Public_REST_API/Model_Info/_GET___catalog_models_referenceAttributes","Catalog_Administrator_Public_REST_API/Model_Info/_GET___catalog_models_referenceAttributes/offset"
"com.ldm.custom.swaggerapiv2.EndpointParameter","Catalog_Administrator_Public_REST_API/Model_Info/_GET___catalog_models_referenceAttributes","Catalog_Administrator_Public_REST_API/Model_Info/_GET___catalog_models_referenceAttributes/pageSize"
"com.ldm.custom.swaggerapiv2.EndpointResponse","Catalog_Administrator_Public_REST_API/Model_Info/_GET___catalog_models_referenceAttributes","Catalog_Administrator_Public_REST_API/Model_Info/_GET___catalog_models_referenceAttributes/200"
"com.ldm.custom.swaggerapiv2.EndpointResponse","Catalog_Administrator_Public_REST_API/Model_Info/_GET___catalog_models_referenceAttributes","Catalog_Administrator_Public_REST_API/Model_Info/_GET___catalog_models_referenceAttributes/400"
"com.ldm.custom.swaggerapiv2.EndpointResponse","Catalog_Administrator_Public_REST_API/Model_Info/_GET___catalog_models_referenceAttributes","Catalog_Administrator_Public_REST_API/Model_Info/_GET___catalog_models_referenceAttributes/401"
"com.ldm.custom.swaggerapiv2.EndpointResponse","Catalog_Administrator_Public_REST_API/Model_Info/_GET___catalog_models_referenceAttributes","Catalog_Administrator_Public_REST_API/Model_Info/_GET___catalog_models_referenceAttributes/403"
"com.ldm.custom.swaggerapiv2.EndpointResponse","Catalog_Administrator_Public_REST_API/Model_Info/_GET___catalog_models_referenceAttributes","Catalog_Administrator_Public_REST_API/Model_Info/_GET___catalog_models_referenceAttributes/429"
"com.ldm.custom.swaggerapiv2.EndpointResponse","Catalog_Administrator_Public_REST_API/Model_Info/_GET___catalog_models_referenceAttributes","Catalog_Administrator_Public_REST_API/Model_Info/_GET___catalog_models_referenceAttributes/default"
"com.ldm.custom.swaggerapiv2.TagEndpoint","Catalog_Administrator_Public_REST_API/Catalog","Catalog_Administrator_Public_REST_API/Catalog/_POST___catalog_models_referenceAttributes"
"com.ldm.custom.swaggerapiv2.TagEndpoint","Catalog_Administrator_Public_REST_API/Model_Modification","Catalog_Administrator_Public_REST_API/Model_Modification/_POST___catalog_models_referenceAttributes"
"com.ldm.custom.swaggerapiv2.EndpointResponse","Catalog_Administrator_Public_REST_API/Model_Modification/_POST___catalog_models_referenceAttributes","Catalog_Administrator_Public_REST_API/Model_Modification/_POST___catalog_models_referenceAttributes/201"
"com.ldm.custom.swaggerapiv2.EndpointResponse","Catalog_Administrator_Public_REST_API/Model_Modification/_POST___catalog_models_referenceAttributes","Catalog_Administrator_Public_REST_API/Model_Modification/_POST___catalog_models_referenceAttributes/400"
"com.ldm.custom.swaggerapiv2.EndpointResponse","Catalog_Administrator_Public_REST_API/Model_Modification/_POST___catalog_models_referenceAttributes","Catalog_Administrator_Public_REST_API/Model_Modification/_POST___catalog_models_referenceAttributes/401"
"com.ldm.custom.swaggerapiv2.EndpointResponse","Catalog_Administrator_Public_REST_API/Model_Modification/_POST___catalog_models_referenceAttributes","Catalog_Administrator_Public_REST_API/Model_Modification/_POST___catalog_models_referenceAttributes/403"
"com.ldm.custom.swaggerapiv2.EndpointResponse","Catalog_Administrator_Public_REST_API/Model_Modification/_POST___catalog_models_referenceAttributes","Catalog_Administrator_Public_REST_API/Model_Modification/_POST___catalog_models_referenceAttributes/429"
"com.ldm.custom.swaggerapiv2.EndpointResponse","Catalog_Administrator_Public_REST_API/Model_Modification/_POST___catalog_models_referenceAttributes","Catalog_Administrator_Public_REST_API/Model_Modification/_POST___catalog_models_referenceAttributes/default"
"com.ldm.custom.swaggerapiv2.TagEndpoint","Catalog_Administrator_Public_REST_API/Catalog","Catalog_Administrator_Public_REST_API/Catalog/_PUT___catalog_models_referenceAttributes__id_"
"com.ldm.custom.swaggerapiv2.TagEndpoint","Catalog_Administrator_Public_REST_API/Model_Modification","Catalog_Administrator_Public_REST_API/Model_Modification/_PUT___catalog_models_referenceAttributes__id_"
"com.ldm.custom.swaggerapiv2.EndpointParameter","Catalog_Administrator_Public_REST_API/Model_Modification/_PUT___catalog_models_referenceAttributes__id_","Catalog_Administrator_Public_REST_API/Model_Modification/_PUT___catalog_models_referenceAttributes__id_/id"
"com.ldm.custom.swaggerapiv2.EndpointParameter","Catalog_Administrator_Public_REST_API/Model_Modification/_PUT___catalog_models_referenceAttributes__id_","Catalog_Administrator_Public_REST_API/Model_Modification/_PUT___catalog_models_referenceAttributes__id_/If-Match"
"com.ldm.custom.swaggerapiv2.EndpointResponse","Catalog_Administrator_Public_REST_API/Model_Modification/_PUT___catalog_models_referenceAttributes__id_","Catalog_Administrator_Public_REST_API/Model_Modification/_PUT___catalog_models_referenceAttributes__id_/200"
"com.ldm.custom.swaggerapiv2.EndpointResponse","Catalog_Administrator_Public_REST_API/Model_Modification/_PUT___catalog_models_referenceAttributes__id_","Catalog_Administrator_Public_REST_API/Model_Modification/_PUT___catalog_models_referenceAttributes__id_/400"
"com.ldm.custom.swaggerapiv2.EndpointResponse","Catalog_Administrator_Public_REST_API/Model_Modification/_PUT___catalog_models_referenceAttributes__id_","Catalog_Administrator_Public_REST_API/Model_Modification/_PUT___catalog_models_referenceAttributes__id_/401"
"com.ldm.custom.swaggerapiv2.EndpointResponse","Catalog_Administrator_Public_REST_API/Model_Modification/_PUT___catalog_models_referenceAttributes__id_","Catalog_Administrator_Public_REST_API/Model_Modification/_PUT___catalog_models_referenceAttributes__id_/403"
"com.ldm.custom.swaggerapiv2.EndpointResponse","Catalog_Administrator_Public_REST_API/Model_Modification/_PUT___catalog_models_referenceAttributes__id_","Catalog_Administrator_Public_REST_API/Model_Modification/_PUT___catalog_models_referenceAttributes__id_/404"
"com.ldm.custom.swaggerapiv2.EndpointResponse","Catalog_Administrator_Public_REST_API/Model_Modification/_PUT___catalog_models_referenceAttributes__id_","Catalog_Administrator_Public_REST_API/Model_Modification/_PUT___catalog_models_referenceAttributes__id_/412"
"com.ldm.custom.swaggerapiv2.EndpointResponse","Catalog_Administrator_Public_REST_API/Model_Modification/_PUT___catalog_models_referenceAttributes__id_","Catalog_Administrator_Public_REST_API/Model_Modification/_PUT___catalog_models_referenceAttributes__id_/429"
"com.ldm.custom.swaggerapiv2.EndpointResponse","Catalog_Administrator_Public_REST_API/Model_Modification/_PUT___catalog_models_referenceAttributes__id_","Catalog_Administrator_Public_REST_API/Model_Modification/_PUT___catalog_models_referenceAttributes__id_/default"
"com.ldm.custom.swaggerapiv2.TagEndpoint","Catalog_Administrator_Public_REST_API/Catalog","Catalog_Administrator_Public_REST_API/Catalog/_DELETE___catalog_models_referenceAttributes__id_"
"com.ldm.custom.swaggerapiv2.TagEndpoint","Catalog_Administrator_Public_REST_API/Model_Modification","Catalog_Administrator_Public_REST_API/Model_Modification/_DELETE___catalog_models_referenceAttributes__id_"
"com.ldm.custom.swaggerapiv2.EndpointParameter","Catalog_Administrator_Public_REST_API/Model_Modification/_DELETE___catalog_models_referenceAttributes__id_","Catalog_Administrator_Public_REST_API/Model_Modification/_DELETE___catalog_models_referenceAttributes__id_/id"
"com.ldm.custom.swaggerapiv2.EndpointResponse","Catalog_Administrator_Public_REST_API/Model_Modification/_DELETE___catalog_models_referenceAttributes__id_","Catalog_Administrator_Public_REST_API/Model_Modification/_DELETE___catalog_models_referenceAttributes__id_/200"
"com.ldm.custom.swaggerapiv2.EndpointResponse","Catalog_Administrator_Public_REST_API/Model_Modification/_DELETE___catalog_models_referenceAttributes__id_","Catalog_Administrator_Public_REST_API/Model_Modification/_DELETE___catalog_models_referenceAttributes__id_/401"
"com.ldm.custom.swaggerapiv2.EndpointResponse","Catalog_Administrator_Public_REST_API/Model_Modification/_DELETE___catalog_models_referenceAttributes__id_","Catalog_Administrator_Public_REST_API/Model_Modification/_DELETE___catalog_models_referenceAttributes__id_/403"
"com.ldm.custom.swaggerapiv2.EndpointResponse","Catalog_Administrator_Public_REST_API/Model_Modification/_DELETE___catalog_models_referenceAttributes__id_","Catalog_Administrator_Public_REST_API/Model_Modification/_DELETE___catalog_models_referenceAttributes__id_/404"
"com.ldm.custom.swaggerapiv2.EndpointResponse","Catalog_Administrator_Public_REST_API/Model_Modification/_DELETE___catalog_models_referenceAttributes__id_","Catalog_Administrator_Public_REST_API/Model_Modification/_DELETE___catalog_models_referenceAttributes__id_/429"
"com.ldm.custom.swaggerapiv2.EndpointResponse","Catalog_Administrator_Public_REST_API/Model_Modification/_DELETE___catalog_models_referenceAttributes__id_","Catalog_Administrator_Public_REST_API/Model_Modification/_DELETE___catalog_models_referenceAttributes__id_/default"
"com.ldm.custom.swaggerapiv2.TagEndpoint","Catalog_Administrator_Public_REST_API/Catalog","Catalog_Administrator_Public_REST_API/Catalog/_GET___catalog_models_referenceAttributes__id_"
"com.ldm.custom.swaggerapiv2.TagEndpoint","Catalog_Administrator_Public_REST_API/Model_Info","Catalog_Administrator_Public_REST_API/Model_Info/_GET___catalog_models_referenceAttributes__id_"
"com.ldm.custom.swaggerapiv2.EndpointParameter","Catalog_Administrator_Public_REST_API/Model_Info/_GET___catalog_models_referenceAttributes__id_","Catalog_Administrator_Public_REST_API/Model_Info/_GET___catalog_models_referenceAttributes__id_/id"
"com.ldm.custom.swaggerapiv2.EndpointResponse","Catalog_Administrator_Public_REST_API/Model_Info/_GET___catalog_models_referenceAttributes__id_","Catalog_Administrator_Public_REST_API/Model_Info/_GET___catalog_models_referenceAttributes__id_/200"
"com.ldm.custom.swaggerapiv2.EndpointResponse","Catalog_Administrator_Public_REST_API/Model_Info/_GET___catalog_models_referenceAttributes__id_","Catalog_Administrator_Public_REST_API/Model_Info/_GET___catalog_models_referenceAttributes__id_/401"
"com.ldm.custom.swaggerapiv2.EndpointResponse","Catalog_Administrator_Public_REST_API/Model_Info/_GET___catalog_models_referenceAttributes__id_","Catalog_Administrator_Public_REST_API/Model_Info/_GET___catalog_models_referenceAttributes__id_/403"
"com.ldm.custom.swaggerapiv2.EndpointResponse","Catalog_Administrator_Public_REST_API/Model_Info/_GET___catalog_models_referenceAttributes__id_","Catalog_Administrator_Public_REST_API/Model_Info/_GET___catalog_models_referenceAttributes__id_/404"
"com.ldm.custom.swaggerapiv2.EndpointResponse","Catalog_Administrator_Public_REST_API/Model_Info/_GET___catalog_models_referenceAttributes__id_","Catalog_Administrator_Public_REST_API/Model_Info/_GET___catalog_models_referenceAttributes__id_/429"
"com.ldm.custom.swaggerapiv2.EndpointResponse","Catalog_Administrator_Public_REST_API/Model_Info/_GET___catalog_models_referenceAttributes__id_","Catalog_Administrator_Public_REST_API/Model_Info/_GET___catalog_models_referenceAttributes__id_/default"
"com.ldm.custom.swaggerapiv2.TagEndpoint","Catalog_Administrator_Public_REST_API/Catalog","Catalog_Administrator_Public_REST_API/Catalog/_POST___catalog_models_attributes"
"com.ldm.custom.swaggerapiv2.TagEndpoint","Catalog_Administrator_Public_REST_API/Model_Modification","Catalog_Administrator_Public_REST_API/Model_Modification/_POST___catalog_models_attributes"
"com.ldm.custom.swaggerapiv2.EndpointResponse","Catalog_Administrator_Public_REST_API/Model_Modification/_POST___catalog_models_attributes","Catalog_Administrator_Public_REST_API/Model_Modification/_POST___catalog_models_attributes/201"
"com.ldm.custom.swaggerapiv2.EndpointResponse","Catalog_Administrator_Public_REST_API/Model_Modification/_POST___catalog_models_attributes","Catalog_Administrator_Public_REST_API/Model_Modification/_POST___catalog_models_attributes/400"
"com.ldm.custom.swaggerapiv2.EndpointResponse","Catalog_Administrator_Public_REST_API/Model_Modification/_POST___catalog_models_attributes","Catalog_Administrator_Public_REST_API/Model_Modification/_POST___catalog_models_attributes/401"
"com.ldm.custom.swaggerapiv2.EndpointResponse","Catalog_Administrator_Public_REST_API/Model_Modification/_POST___catalog_models_attributes","Catalog_Administrator_Public_REST_API/Model_Modification/_POST___catalog_models_attributes/403"
"com.ldm.custom.swaggerapiv2.EndpointResponse","Catalog_Administrator_Public_REST_API/Model_Modification/_POST___catalog_models_attributes","Catalog_Administrator_Public_REST_API/Model_Modification/_POST___catalog_models_attributes/429"
"com.ldm.custom.swaggerapiv2.EndpointResponse","Catalog_Administrator_Public_REST_API/Model_Modification/_POST___catalog_models_attributes","Catalog_Administrator_Public_REST_API/Model_Modification/_POST___catalog_models_attributes/default"
"com.ldm.custom.swaggerapiv2.TagEndpoint","Catalog_Administrator_Public_REST_API/Catalog","Catalog_Administrator_Public_REST_API/Catalog/_GET___catalog_models_attributes"
"com.ldm.custom.swaggerapiv2.TagEndpoint","Catalog_Administrator_Public_REST_API/Model_Info","Catalog_Administrator_Public_REST_API/Model_Info/_GET___catalog_models_attributes"
"com.ldm.custom.swaggerapiv2.EndpointParameter","Catalog_Administrator_Public_REST_API/Model_Info/_GET___catalog_models_attributes","Catalog_Administrator_Public_REST_API/Model_Info/_GET___catalog_models_attributes/id"
"com.ldm.custom.swaggerapiv2.EndpointParameter","Catalog_Administrator_Public_REST_API/Model_Info/_GET___catalog_models_attributes","Catalog_Administrator_Public_REST_API/Model_Info/_GET___catalog_models_attributes/classId"
"com.ldm.custom.swaggerapiv2.EndpointParameter","Catalog_Administrator_Public_REST_API/Model_Info/_GET___catalog_models_attributes","Catalog_Administrator_Public_REST_API/Model_Info/_GET___catalog_models_attributes/offset"
"com.ldm.custom.swaggerapiv2.EndpointParameter","Catalog_Administrator_Public_REST_API/Model_Info/_GET___catalog_models_attributes","Catalog_Administrator_Public_REST_API/Model_Info/_GET___catalog_models_attributes/pageSize"
"com.ldm.custom.swaggerapiv2.EndpointResponse","Catalog_Administrator_Public_REST_API/Model_Info/_GET___catalog_models_attributes","Catalog_Administrator_Public_REST_API/Model_Info/_GET___catalog_models_attributes/200"
"com.ldm.custom.swaggerapiv2.EndpointResponse","Catalog_Administrator_Public_REST_API/Model_Info/_GET___catalog_models_attributes","Catalog_Administrator_Public_REST_API/Model_Info/_GET___catalog_models_attributes/400"
"com.ldm.custom.swaggerapiv2.EndpointResponse","Catalog_Administrator_Public_REST_API/Model_Info/_GET___catalog_models_attributes","Catalog_Administrator_Public_REST_API/Model_Info/_GET___catalog_models_attributes/401"
"com.ldm.custom.swaggerapiv2.EndpointResponse","Catalog_Administrator_Public_REST_API/Model_Info/_GET___catalog_models_attributes","Catalog_Administrator_Public_REST_API/Model_Info/_GET___catalog_models_attributes/403"
"com.ldm.custom.swaggerapiv2.EndpointResponse","Catalog_Administrator_Public_REST_API/Model_Info/_GET___catalog_models_attributes","Catalog_Administrator_Public_REST_API/Model_Info/_GET___catalog_models_attributes/429"
"com.ldm.custom.swaggerapiv2.EndpointResponse","Catalog_Administrator_Public_REST_API/Model_Info/_GET___catalog_models_attributes","Catalog_Administrator_Public_REST_API/Model_Info/_GET___catalog_models_attributes/default"
"com.ldm.custom.swaggerapiv2.TagEndpoint","Catalog_Administrator_Public_REST_API/Catalog","Catalog_Administrator_Public_REST_API/Catalog/_PUT___catalog_models_attributes__id_"
"com.ldm.custom.swaggerapiv2.TagEndpoint","Catalog_Administrator_Public_REST_API/Model_Modification","Catalog_Administrator_Public_REST_API/Model_Modification/_PUT___catalog_models_attributes__id_"
"com.ldm.custom.swaggerapiv2.EndpointParameter","Catalog_Administrator_Public_REST_API/Model_Modification/_PUT___catalog_models_attributes__id_","Catalog_Administrator_Public_REST_API/Model_Modification/_PUT___catalog_models_attributes__id_/id"
"com.ldm.custom.swaggerapiv2.EndpointParameter","Catalog_Administrator_Public_REST_API/Model_Modification/_PUT___catalog_models_attributes__id_","Catalog_Administrator_Public_REST_API/Model_Modification/_PUT___catalog_models_attributes__id_/If-Match"
"com.ldm.custom.swaggerapiv2.EndpointResponse","Catalog_Administrator_Public_REST_API/Model_Modification/_PUT___catalog_models_attributes__id_","Catalog_Administrator_Public_REST_API/Model_Modification/_PUT___catalog_models_attributes__id_/200"
"com.ldm.custom.swaggerapiv2.EndpointResponse","Catalog_Administrator_Public_REST_API/Model_Modification/_PUT___catalog_models_attributes__id_","Catalog_Administrator_Public_REST_API/Model_Modification/_PUT___catalog_models_attributes__id_/400"
"com.ldm.custom.swaggerapiv2.EndpointResponse","Catalog_Administrator_Public_REST_API/Model_Modification/_PUT___catalog_models_attributes__id_","Catalog_Administrator_Public_REST_API/Model_Modification/_PUT___catalog_models_attributes__id_/401"
"com.ldm.custom.swaggerapiv2.EndpointResponse","Catalog_Administrator_Public_REST_API/Model_Modification/_PUT___catalog_models_attributes__id_","Catalog_Administrator_Public_REST_API/Model_Modification/_PUT___catalog_models_attributes__id_/403"
"com.ldm.custom.swaggerapiv2.EndpointResponse","Catalog_Administrator_Public_REST_API/Model_Modification/_PUT___catalog_models_attributes__id_","Catalog_Administrator_Public_REST_API/Model_Modification/_PUT___catalog_models_attributes__id_/404"
"com.ldm.custom.swaggerapiv2.EndpointResponse","Catalog_Administrator_Public_REST_API/Model_Modification/_PUT___catalog_models_attributes__id_","Catalog_Administrator_Public_REST_API/Model_Modification/_PUT___catalog_models_attributes__id_/412"
"com.ldm.custom.swaggerapiv2.EndpointResponse","Catalog_Administrator_Public_REST_API/Model_Modification/_PUT___catalog_models_attributes__id_","Catalog_Administrator_Public_REST_API/Model_Modification/_PUT___catalog_models_attributes__id_/429"
"com.ldm.custom.swaggerapiv2.EndpointResponse","Catalog_Administrator_Public_REST_API/Model_Modification/_PUT___catalog_models_attributes__id_","Catalog_Administrator_Public_REST_API/Model_Modification/_PUT___catalog_models_attributes__id_/default"
"com.ldm.custom.swaggerapiv2.TagEndpoint","Catalog_Administrator_Public_REST_API/Catalog","Catalog_Administrator_Public_REST_API/Catalog/_DELETE___catalog_models_attributes__id_"
"com.ldm.custom.swaggerapiv2.TagEndpoint","Catalog_Administrator_Public_REST_API/Model_Modification","Catalog_Administrator_Public_REST_API/Model_Modification/_DELETE___catalog_models_attributes__id_"
"com.ldm.custom.swaggerapiv2.EndpointParameter","Catalog_Administrator_Public_REST_API/Model_Modification/_DELETE___catalog_models_attributes__id_","Catalog_Administrator_Public_REST_API/Model_Modification/_DELETE___catalog_models_attributes__id_/id"
"com.ldm.custom.swaggerapiv2.EndpointResponse","Catalog_Administrator_Public_REST_API/Model_Modification/_DELETE___catalog_models_attributes__id_","Catalog_Administrator_Public_REST_API/Model_Modification/_DELETE___catalog_models_attributes__id_/200"
"com.ldm.custom.swaggerapiv2.EndpointResponse","Catalog_Administrator_Public_REST_API/Model_Modification/_DELETE___catalog_models_attributes__id_","Catalog_Administrator_Public_REST_API/Model_Modification/_DELETE___catalog_models_attributes__id_/401"
"com.ldm.custom.swaggerapiv2.EndpointResponse","Catalog_Administrator_Public_REST_API/Model_Modification/_DELETE___catalog_models_attributes__id_","Catalog_Administrator_Public_REST_API/Model_Modification/_DELETE___catalog_models_attributes__id_/403"
"com.ldm.custom.swaggerapiv2.EndpointResponse","Catalog_Administrator_Public_REST_API/Model_Modification/_DELETE___catalog_models_attributes__id_","Catalog_Administrator_Public_REST_API/Model_Modification/_DELETE___catalog_models_attributes__id_/404"
"com.ldm.custom.swaggerapiv2.EndpointResponse","Catalog_Administrator_Public_REST_API/Model_Modification/_DELETE___catalog_models_attributes__id_","Catalog_Administrator_Public_REST_API/Model_Modification/_DELETE___catalog_models_attributes__id_/429"
"com.ldm.custom.swaggerapiv2.EndpointResponse","Catalog_Administrator_Public_REST_API/Model_Modification/_DELETE___catalog_models_attributes__id_","Catalog_Administrator_Public_REST_API/Model_Modification/_DELETE___catalog_models_attributes__id_/default"
"com.ldm.custom.swaggerapiv2.TagEndpoint","Catalog_Administrator_Public_REST_API/Catalog","Catalog_Administrator_Public_REST_API/Catalog/_GET___catalog_models_attributes__id_"
"com.ldm.custom.swaggerapiv2.TagEndpoint","Catalog_Administrator_Public_REST_API/Model_Info","Catalog_Administrator_Public_REST_API/Model_Info/_GET___catalog_models_attributes__id_"
"com.ldm.custom.swaggerapiv2.EndpointParameter","Catalog_Administrator_Public_REST_API/Model_Info/_GET___catalog_models_attributes__id_","Catalog_Administrator_Public_REST_API/Model_Info/_GET___catalog_models_attributes__id_/id"
"com.ldm.custom.swaggerapiv2.EndpointResponse","Catalog_Administrator_Public_REST_API/Model_Info/_GET___catalog_models_attributes__id_","Catalog_Administrator_Public_REST_API/Model_Info/_GET___catalog_models_attributes__id_/200"
"com.ldm.custom.swaggerapiv2.EndpointResponse","Catalog_Administrator_Public_REST_API/Model_Info/_GET___catalog_models_attributes__id_","Catalog_Administrator_Public_REST_API/Model_Info/_GET___catalog_models_attributes__id_/401"
"com.ldm.custom.swaggerapiv2.EndpointResponse","Catalog_Administrator_Public_REST_API/Model_Info/_GET___catalog_models_attributes__id_","Catalog_Administrator_Public_REST_API/Model_Info/_GET___catalog_models_attributes__id_/403"
"com.ldm.custom.swaggerapiv2.EndpointResponse","Catalog_Administrator_Public_REST_API/Model_Info/_GET___catalog_models_attributes__id_","Catalog_Administrator_Public_REST_API/Model_Info/_GET___catalog_models_attributes__id_/404"
"com.ldm.custom.swaggerapiv2.EndpointResponse","Catalog_Administrator_Public_REST_API/Model_Info/_GET___catalog_models_attributes__id_","Catalog_Administrator_Public_REST_API/Model_Info/_GET___catalog_models_attributes__id_/429"
"com.ldm.custom.swaggerapiv2.EndpointResponse","Catalog_Administrator_Public_REST_API/Model_Info/_GET___catalog_models_attributes__id_","Catalog_Administrator_Public_REST_API/Model_Info/_GET___catalog_models_attributes__id_/default"
"com.ldm.custom.swaggerapiv2.TagEndpoint","Catalog_Administrator_Public_REST_API/Catalog","Catalog_Administrator_Public_REST_API/Catalog/_GET___catalog_data_relationships"
"com.ldm.custom.swaggerapiv2.TagEndpoint","Catalog_Administrator_Public_REST_API/Object_Info","Catalog_Administrator_Public_REST_API/Object_Info/_GET___catalog_data_relationships"
"com.ldm.custom.swaggerapiv2.EndpointParameter","Catalog_Administrator_Public_REST_API/Object_Info/_GET___catalog_data_relationships","Catalog_Administrator_Public_REST_API/Object_Info/_GET___catalog_data_relationships/seed"
"com.ldm.custom.swaggerapiv2.EndpointParameter","Catalog_Administrator_Public_REST_API/Object_Info/_GET___catalog_data_relationships","Catalog_Administrator_Public_REST_API/Object_Info/_GET___catalog_data_relationships/association"
"com.ldm.custom.swaggerapiv2.EndpointParameter","Catalog_Administrator_Public_REST_API/Object_Info/_GET___catalog_data_relationships","Catalog_Administrator_Public_REST_API/Object_Info/_GET___catalog_data_relationships/direction"
"com.ldm.custom.swaggerapiv2.EndpointParameter","Catalog_Administrator_Public_REST_API/Object_Info/_GET___catalog_data_relationships","Catalog_Administrator_Public_REST_API/Object_Info/_GET___catalog_data_relationships/removeDuplicateAggregateLinks"
"com.ldm.custom.swaggerapiv2.EndpointParameter","Catalog_Administrator_Public_REST_API/Object_Info/_GET___catalog_data_relationships","Catalog_Administrator_Public_REST_API/Object_Info/_GET___catalog_data_relationships/depth"
"com.ldm.custom.swaggerapiv2.EndpointParameter","Catalog_Administrator_Public_REST_API/Object_Info/_GET___catalog_data_relationships","Catalog_Administrator_Public_REST_API/Object_Info/_GET___catalog_data_relationships/includeTerms"
"com.ldm.custom.swaggerapiv2.EndpointParameter","Catalog_Administrator_Public_REST_API/Object_Info/_GET___catalog_data_relationships","Catalog_Administrator_Public_REST_API/Object_Info/_GET___catalog_data_relationships/includeAttribute"
"com.ldm.custom.swaggerapiv2.EndpointResponse","Catalog_Administrator_Public_REST_API/Object_Info/_GET___catalog_data_relationships","Catalog_Administrator_Public_REST_API/Object_Info/_GET___catalog_data_relationships/200"
"com.ldm.custom.swaggerapiv2.EndpointResponse","Catalog_Administrator_Public_REST_API/Object_Info/_GET___catalog_data_relationships","Catalog_Administrator_Public_REST_API/Object_Info/_GET___catalog_data_relationships/400"
"com.ldm.custom.swaggerapiv2.EndpointResponse","Catalog_Administrator_Public_REST_API/Object_Info/_GET___catalog_data_relationships","Catalog_Administrator_Public_REST_API/Object_Info/_GET___catalog_data_relationships/401"
"com.ldm.custom.swaggerapiv2.EndpointResponse","Catalog_Administrator_Public_REST_API/Object_Info/_GET___catalog_data_relationships","Catalog_Administrator_Public_REST_API/Object_Info/_GET___catalog_data_relationships/403"
"com.ldm.custom.swaggerapiv2.EndpointResponse","Catalog_Administrator_Public_REST_API/Object_Info/_GET___catalog_data_relationships","Catalog_Administrator_Public_REST_API/Object_Info/_GET___catalog_data_relationships/429"
"com.ldm.custom.swaggerapiv2.EndpointResponse","Catalog_Administrator_Public_REST_API/Object_Info/_GET___catalog_data_relationships","Catalog_Administrator_Public_REST_API/Object_Info/_GET___catalog_data_relationships/default"
"com.ldm.custom.swaggerapiv2.TagEndpoint","Catalog_Administrator_Public_REST_API/Catalog","Catalog_Administrator_Public_REST_API/Catalog/_GET___catalog_data_objects"
"com.ldm.custom.swaggerapiv2.TagEndpoint","Catalog_Administrator_Public_REST_API/Object_Info","Catalog_Administrator_Public_REST_API/Object_Info/_GET___catalog_data_objects"
"com.ldm.custom.swaggerapiv2.EndpointParameter","Catalog_Administrator_Public_REST_API/Object_Info/_GET___catalog_data_objects","Catalog_Administrator_Public_REST_API/Object_Info/_GET___catalog_data_objects/q"
"com.ldm.custom.swaggerapiv2.EndpointParameter","Catalog_Administrator_Public_REST_API/Object_Info/_GET___catalog_data_objects","Catalog_Administrator_Public_REST_API/Object_Info/_GET___catalog_data_objects/id"
"com.ldm.custom.swaggerapiv2.EndpointParameter","Catalog_Administrator_Public_REST_API/Object_Info/_GET___catalog_data_objects","Catalog_Administrator_Public_REST_API/Object_Info/_GET___catalog_data_objects/offset"
"com.ldm.custom.swaggerapiv2.EndpointParameter","Catalog_Administrator_Public_REST_API/Object_Info/_GET___catalog_data_objects","Catalog_Administrator_Public_REST_API/Object_Info/_GET___catalog_data_objects/pageSize"
"com.ldm.custom.swaggerapiv2.EndpointParameter","Catalog_Administrator_Public_REST_API/Object_Info/_GET___catalog_data_objects","Catalog_Administrator_Public_REST_API/Object_Info/_GET___catalog_data_objects/related"
"com.ldm.custom.swaggerapiv2.EndpointResponse","Catalog_Administrator_Public_REST_API/Object_Info/_GET___catalog_data_objects","Catalog_Administrator_Public_REST_API/Object_Info/_GET___catalog_data_objects/200"
"com.ldm.custom.swaggerapiv2.EndpointResponse","Catalog_Administrator_Public_REST_API/Object_Info/_GET___catalog_data_objects","Catalog_Administrator_Public_REST_API/Object_Info/_GET___catalog_data_objects/400"
"com.ldm.custom.swaggerapiv2.EndpointResponse","Catalog_Administrator_Public_REST_API/Object_Info/_GET___catalog_data_objects","Catalog_Administrator_Public_REST_API/Object_Info/_GET___catalog_data_objects/401"
"com.ldm.custom.swaggerapiv2.EndpointResponse","Catalog_Administrator_Public_REST_API/Object_Info/_GET___catalog_data_objects","Catalog_Administrator_Public_REST_API/Object_Info/_GET___catalog_data_objects/403"
"com.ldm.custom.swaggerapiv2.EndpointResponse","Catalog_Administrator_Public_REST_API/Object_Info/_GET___catalog_data_objects","Catalog_Administrator_Public_REST_API/Object_Info/_GET___catalog_data_objects/429"
"com.ldm.custom.swaggerapiv2.EndpointResponse","Catalog_Administrator_Public_REST_API/Object_Info/_GET___catalog_data_objects","Catalog_Administrator_Public_REST_API/Object_Info/_GET___catalog_data_objects/default"
"com.ldm.custom.swaggerapiv2.TagEndpoint","Catalog_Administrator_Public_REST_API/Catalog","Catalog_Administrator_Public_REST_API/Catalog/_PUT___catalog_data_objects"
"com.ldm.custom.swaggerapiv2.TagEndpoint","Catalog_Administrator_Public_REST_API/Object_Modification","Catalog_Administrator_Public_REST_API/Object_Modification/_PUT___catalog_data_objects"
"com.ldm.custom.swaggerapiv2.EndpointParameter","Catalog_Administrator_Public_REST_API/Object_Modification/_PUT___catalog_data_objects","Catalog_Administrator_Public_REST_API/Object_Modification/_PUT___catalog_data_objects/If-Match"
"com.ldm.custom.swaggerapiv2.EndpointResponse","Catalog_Administrator_Public_REST_API/Object_Modification/_PUT___catalog_data_objects","Catalog_Administrator_Public_REST_API/Object_Modification/_PUT___catalog_data_objects/200"
"com.ldm.custom.swaggerapiv2.EndpointResponse","Catalog_Administrator_Public_REST_API/Object_Modification/_PUT___catalog_data_objects","Catalog_Administrator_Public_REST_API/Object_Modification/_PUT___catalog_data_objects/400"
"com.ldm.custom.swaggerapiv2.EndpointResponse","Catalog_Administrator_Public_REST_API/Object_Modification/_PUT___catalog_data_objects","Catalog_Administrator_Public_REST_API/Object_Modification/_PUT___catalog_data_objects/401"
"com.ldm.custom.swaggerapiv2.EndpointResponse","Catalog_Administrator_Public_REST_API/Object_Modification/_PUT___catalog_data_objects","Catalog_Administrator_Public_REST_API/Object_Modification/_PUT___catalog_data_objects/403"
"com.ldm.custom.swaggerapiv2.EndpointResponse","Catalog_Administrator_Public_REST_API/Object_Modification/_PUT___catalog_data_objects","Catalog_Administrator_Public_REST_API/Object_Modification/_PUT___catalog_data_objects/412"
"com.ldm.custom.swaggerapiv2.EndpointResponse","Catalog_Administrator_Public_REST_API/Object_Modification/_PUT___catalog_data_objects","Catalog_Administrator_Public_REST_API/Object_Modification/_PUT___catalog_data_objects/429"
"com.ldm.custom.swaggerapiv2.EndpointResponse","Catalog_Administrator_Public_REST_API/Object_Modification/_PUT___catalog_data_objects","Catalog_Administrator_Public_REST_API/Object_Modification/_PUT___catalog_data_objects/default"
"com.ldm.custom.swaggerapiv2.TagEndpoint","Catalog_Administrator_Public_REST_API/Catalog","Catalog_Administrator_Public_REST_API/Catalog/_GET___catalog_data_objects__id_"
"com.ldm.custom.swaggerapiv2.TagEndpoint","Catalog_Administrator_Public_REST_API/Object_Info","Catalog_Administrator_Public_REST_API/Object_Info/_GET___catalog_data_objects__id_"
"com.ldm.custom.swaggerapiv2.EndpointParameter","Catalog_Administrator_Public_REST_API/Object_Info/_GET___catalog_data_objects__id_","Catalog_Administrator_Public_REST_API/Object_Info/_GET___catalog_data_objects__id_/id"
"com.ldm.custom.swaggerapiv2.EndpointResponse","Catalog_Administrator_Public_REST_API/Object_Info/_GET___catalog_data_objects__id_","Catalog_Administrator_Public_REST_API/Object_Info/_GET___catalog_data_objects__id_/200"
"com.ldm.custom.swaggerapiv2.EndpointResponse","Catalog_Administrator_Public_REST_API/Object_Info/_GET___catalog_data_objects__id_","Catalog_Administrator_Public_REST_API/Object_Info/_GET___catalog_data_objects__id_/400"
"com.ldm.custom.swaggerapiv2.EndpointResponse","Catalog_Administrator_Public_REST_API/Object_Info/_GET___catalog_data_objects__id_","Catalog_Administrator_Public_REST_API/Object_Info/_GET___catalog_data_objects__id_/401"
"com.ldm.custom.swaggerapiv2.EndpointResponse","Catalog_Administrator_Public_REST_API/Object_Info/_GET___catalog_data_objects__id_","Catalog_Administrator_Public_REST_API/Object_Info/_GET___catalog_data_objects__id_/403"
"com.ldm.custom.swaggerapiv2.EndpointResponse","Catalog_Administrator_Public_REST_API/Object_Info/_GET___catalog_data_objects__id_","Catalog_Administrator_Public_REST_API/Object_Info/_GET___catalog_data_objects__id_/404"
"com.ldm.custom.swaggerapiv2.EndpointResponse","Catalog_Administrator_Public_REST_API/Object_Info/_GET___catalog_data_objects__id_","Catalog_Administrator_Public_REST_API/Object_Info/_GET___catalog_data_objects__id_/429"
"com.ldm.custom.swaggerapiv2.EndpointResponse","Catalog_Administrator_Public_REST_API/Object_Info/_GET___catalog_data_objects__id_","Catalog_Administrator_Public_REST_API/Object_Info/_GET___catalog_data_objects__id_/default"
"com.ldm.custom.swaggerapiv2.TagEndpoint","Catalog_Administrator_Public_REST_API/Catalog","Catalog_Administrator_Public_REST_API/Catalog/_PUT___catalog_data_objects__id_"
"com.ldm.custom.swaggerapiv2.TagEndpoint","Catalog_Administrator_Public_REST_API/Object_Modification","Catalog_Administrator_Public_REST_API/Object_Modification/_PUT___catalog_data_objects__id_"
"com.ldm.custom.swaggerapiv2.EndpointParameter","Catalog_Administrator_Public_REST_API/Object_Modification/_PUT___catalog_data_objects__id_","Catalog_Administrator_Public_REST_API/Object_Modification/_PUT___catalog_data_objects__id_/id"
"com.ldm.custom.swaggerapiv2.EndpointParameter","Catalog_Administrator_Public_REST_API/Object_Modification/_PUT___catalog_data_objects__id_","Catalog_Administrator_Public_REST_API/Object_Modification/_PUT___catalog_data_objects__id_/If-Match"
"com.ldm.custom.swaggerapiv2.EndpointResponse","Catalog_Administrator_Public_REST_API/Object_Modification/_PUT___catalog_data_objects__id_","Catalog_Administrator_Public_REST_API/Object_Modification/_PUT___catalog_data_objects__id_/200"
"com.ldm.custom.swaggerapiv2.EndpointResponse","Catalog_Administrator_Public_REST_API/Object_Modification/_PUT___catalog_data_objects__id_","Catalog_Administrator_Public_REST_API/Object_Modification/_PUT___catalog_data_objects__id_/400"
"com.ldm.custom.swaggerapiv2.EndpointResponse","Catalog_Administrator_Public_REST_API/Object_Modification/_PUT___catalog_data_objects__id_","Catalog_Administrator_Public_REST_API/Object_Modification/_PUT___catalog_data_objects__id_/401"
"com.ldm.custom.swaggerapiv2.EndpointResponse","Catalog_Administrator_Public_REST_API/Object_Modification/_PUT___catalog_data_objects__id_","Catalog_Administrator_Public_REST_API/Object_Modification/_PUT___catalog_data_objects__id_/403"
"com.ldm.custom.swaggerapiv2.EndpointResponse","Catalog_Administrator_Public_REST_API/Object_Modification/_PUT___catalog_data_objects__id_","Catalog_Administrator_Public_REST_API/Object_Modification/_PUT___catalog_data_objects__id_/404"
"com.ldm.custom.swaggerapiv2.EndpointResponse","Catalog_Administrator_Public_REST_API/Object_Modification/_PUT___catalog_data_objects__id_","Catalog_Administrator_Public_REST_API/Object_Modification/_PUT___catalog_data_objects__id_/412"
"com.ldm.custom.swaggerapiv2.EndpointResponse","Catalog_Administrator_Public_REST_API/Object_Modification/_PUT___catalog_data_objects__id_","Catalog_Administrator_Public_REST_API/Object_Modification/_PUT___catalog_data_objects__id_/429"
"com.ldm.custom.swaggerapiv2.EndpointResponse","Catalog_Administrator_Public_REST_API/Object_Modification/_PUT___catalog_data_objects__id_","Catalog_Administrator_Public_REST_API/Object_Modification/_PUT___catalog_data_objects__id_/default"
"com.ldm.custom.swaggerapiv2.SwaggerInfoTag","Catalog_Administrator_Public_REST_API","Catalog_Administrator_Public_REST_API/Model_Modification"
"com.ldm.custom.swaggerapiv2.SwaggerInfoTag","Catalog_Administrator_Public_REST_API","Catalog_Administrator_Public_REST_API/Object_Info"
"com.ldm.custom.swaggerapiv2.SwaggerInfoTag","Catalog_Administrator_Public_REST_API","Catalog_Administrator_Public_REST_API/Resource_Execution"
"com.ldm.custom.swaggerapiv2.SwaggerInfoTag","Catalog_Administrator_Public_REST_API","Catalog_Administrator_Public_REST_API/Resource_Info"
"com.ldm.custom.swaggerapiv2.SwaggerInfoTag","Catalog_Administrator_Public_REST_API","Catalog_Administrator_Public_REST_API/Model_Info"
"com.ldm.custom.swaggerapiv2.SwaggerInfoTag","Catalog_Administrator_Public_REST_API","Catalog_Administrator_Public_REST_API/Object_Modification"
"com.ldm.custom.swaggerapiv2.SwaggerInfoTag","Catalog_Administrator_Public_REST_API","Catalog_Administrator_Public_REST_API/Connection_Assignment"
"com.ldm.custom.swaggerapiv2.SwaggerInfoTag","Catalog_Administrator_Public_REST_API","Catalog_Administrator_Public_REST_API/Resource_Modification"
"com.ldm.custom.swaggerapiv2.SwaggerInfoTag","Catalog_Administrator_Public_REST_API","Catalog_Administrator_Public_REST_API/Catalog"
